0.0500330916483,0.122130318144,-0.107990865729,-0.309469260275,-0.463499898739,-0.356689830271,-0.207139068033,9.0
-0.408000473198,-0.381759783484,-0.347099185979,-0.651075714842,-0.643731730941,-0.621285646469,-0.530447433907,9.0
-0.616197548128,-0.885649885113,-0.944869986602,-0.913143950136,-0.850998337974,-0.963435408794,-0.889678951544,9.0
0.216590751592,0.0717413079814,-0.107990865729,-0.133057568813,-0.186393456727,0.268303735576,-0.278985371561,9.0
1.17429729627,1.18029953156,0.609334095019,1.03860158431,0.865709863756,1.61409280072,0.798709181351,18.0
-1.40734643286,-1.18798394609,-1.18397830685,-1.02225407144,-1.01545988486,-0.863071478512,-1.06929471036,9.0
-0.616197548128,-0.734482854624,-0.825315826477,-0.823408523265,-0.778905605093,-0.817451510202,-0.889678951544,9.0
-0.449639888184,-0.381759783484,-0.466653346103,-0.508314808456,-0.299038351854,0.42341162783,-0.710063192725,9.0
0.00839367666226,0.172519328307,0.489779934894,0.0137822206129,-0.0219319098422,0.300237713393,0.0443229943128,9.0
-0.158163983282,-0.0290367123443,-0.705761666353,-0.415520219305,-0.244968802193,-0.187895947524,-0.458601130379,9.0
0.591345486467,0.676409429936,0.0115632943956,0.235061625511,0.0141144565984,0.0766998686738,0.547247119005,9.0
0.424787826523,0.374075368959,0.0115632943956,0.228943300952,0.11324196431,0.65151146938,0.331708208423,9.0
-0.532918718156,-0.532926813973,-0.227545025854,-0.635779903443,-0.625708547721,-0.607599655976,-0.530447433907,9.0
0.0916725066344,0.273297348633,0.250671614645,-0.211576067325,-0.407177451175,-0.384061811257,0.0802461460766,9.0
-0.116524568296,-0.180203742833,-0.107990865729,-0.398184966386,-0.578397691768,-0.0145400679462,-0.278985371561,9.0
-0.741115793087,-0.12981473267,-0.825315826477,-0.948834176732,-1.00644829325,-0.753583554568,-0.781909496253,9.0
-0.241442813254,-0.12981473267,-0.347099185979,-0.585813586208,-0.549110019035,-0.420557785905,-0.602293737434,9.0
-0.49127930317,-0.48253780381,-0.825315826477,-0.811171874146,-0.844239644267,-0.67146761161,-0.458601130379,9.0
-0.741115793087,-0.885649885113,-1.4230866271,-1.01205686385,-0.950125845686,-1.06836133591,-0.961525255072,9.0
-0.824394623059,-0.583315824136,-0.825315826477,-0.888670651898,-1.03348306808,-1.07292333274,-0.530447433907,9.0
0.299869581565,0.22290833847,0.250671614645,0.109635972043,-0.0579782762827,-0.0784080235801,0.511323967241,9.0
-0.449639888184,-0.432148793647,-0.825315826477,-0.832586010104,-0.884791806512,-0.703401589427,-0.710063192725,9.0
1.54905203115,1.33146656205,0.609334095019,2.30509476811,1.83445596184,0.733627412337,3.88810023303,18.0
-0.699476378101,-0.583315824136,-0.347099185979,-0.86725651594,-0.830722256851,-1.07292333274,-0.789094126606,9.0
-1.49062526284,-1.54070701723,-1.18397830685,-1.28126314446,-1.19569171706,-1.37857712041,-1.26327972989,9.0
-0.990952283003,-0.83526087495,-0.705761666353,-0.965149708891,-0.938861356173,-1.07292333274,-0.875309690839,9.0
-1.24078877292,-1.23837295625,-1.06442414673,-1.17419246467,-1.18668012545,-1.12310529788,-1.05133313448,9.0
-2.03193765765,-2.04459711886,-1.4230866271,-1.43116209616,-1.38493514087,-1.29189918063,-1.41415696729,9.0
0.674624316439,0.92835448075,1.08755073552,0.590944170716,0.493981709838,0.710817428183,0.69093972606,9.0
1.6739702761,1.5330226027,1.68532153614,2.67627312471,1.30953075055,1.98361454403,5.5046420624,18.0
0.508066656495,0.525242399447,0.728888255144,0.211608048033,0.025378946111,0.824867348957,0.367631360186,9.0
-0.616197548128,-0.633704834298,-0.466653346103,-0.840743776183,-0.873527316999,-0.780955535554,-0.745986344489,9.0
-0.699476378101,-0.684093844461,0.0115632943956,-0.707160356636,-0.781158502996,-0.657781621117,-0.566370585671,9.0
-1.03259169799,-1.08720592576,-0.705761666353,-1.04774709044,-1.12810477999,-1.03642735809,-0.85375579978,9.0
-0.199803398268,-0.0290367123443,0.0115632943956,-0.434894913743,-0.533339733717,-0.411433792243,-0.243062219797,9.0
-0.657836963115,-0.83526087495,-0.347099185979,-0.762225277671,-0.814951971534,-0.621285646469,-0.710063192725,9.0
-0.28308222824,-0.331370773321,0.250671614645,-0.516472574535,-0.627961445623,-0.333879846116,-0.350831675088,9.0
-0.199803398268,-0.381759783484,-0.107990865729,-0.77242248527,-0.846492542169,-0.685153602103,-0.602293737434,9.0
-1.9070194127,-1.84304107821,-1.4230866271,-1.43728042072,-1.40070542619,-1.35576713626,-1.428526228,9.0
-1.36570701788,-1.33915097658,-1.30353246698,-1.28738146902,-1.28355473526,-1.26908919647,-1.21298731742,9.0
-0.449639888184,-0.180203742833,0.250671614645,-0.394106083347,-0.634720139331,-0.840261494357,0.11616929784,9.0
0.716263731425,0.92835448075,2.40264649689,1.65859180633,0.777846845557,1.40424094649,3.24148350128,18.0
-0.574558133142,-0.532926813973,-0.466653346103,-0.77344220603,-0.821710665241,-0.698839592596,-0.638216889198,9.0
-0.699476378101,-0.532926813973,-0.347099185979,-0.716337843475,-1.02447147647,-0.904129449991,-0.350831675088,9.0
-1.28242818791,-1.28876196642,-0.825315826477,-1.21294185355,-1.21146200238,-1.11398130422,-1.17706416565,9.0
-0.990952283003,-1.0368169156,-1.06442414673,-0.979425799529,-0.963643233101,-0.831137500695,-0.997448406835,9.0
0.466427241509,0.474853389284,0.37022577477,0.0158216621327,-0.199910844142,-0.384061811257,0.583170270769,18.0
0.00839367666226,0.122130318144,0.489779934894,-0.148353380211,-0.382395574247,-0.0692840299181,0.259861904895,9.0
0.466427241509,0.474853389284,0.728888255144,0.206509444234,0.219128165729,0.715379425014,-0.135292764506,9.0
1.00773963633,1.18029953156,1.20710489564,1.99815881938,1.55059082613,1.89693660424,1.12201754722,18.0
0.674624316439,0.827576460424,0.967996575393,0.812223575614,0.543545463694,0.970851247549,0.798709181351,18.0
-0.574558133142,-0.381759783484,-0.825315826477,-0.685746220678,-0.645984628844,-0.511797722525,-0.745986344489,9.0
-0.49127930317,-0.331370773321,-0.466653346103,-0.729594213354,-0.618949854013,-0.561979687666,-0.710063192725,9.0
-1.32406760289,-1.13759493593,-1.06442414673,-1.18031078923,-1.13486347369,-1.15047727886,-1.14114101389,9.0
-0.324721643226,-0.432148793647,-0.466653346103,-0.489959834777,-0.40267165537,-0.452491763722,-0.458601130379,9.0
-0.0748851533098,0.474853389284,-0.107990865729,-0.216674671124,-0.290026760244,-0.165085963369,-0.0275233092146,9.0
0.716263731425,0.777187450261,0.609334095019,0.535879249681,0.153794126555,0.573957523253,0.655016574296,18.0
0.424787826523,0.424464379121,0.728888255144,0.44614382281,0.0817013936743,-0.0920940140731,1.0501712437,18.0
0.383148411537,0.424464379121,0.848442415268,0.258515202989,0.092965883187,-0.128589988721,0.40355451195,18.0
0.341508996551,0.474853389284,0.728888255144,0.158582568519,-0.0782543574055,-0.224391922172,0.583170270769,18.0
-1.11587052796,-1.08720592576,-1.18397830685,-1.06712178488,-0.974907722613,-1.05923734224,-1.10521786213,9.0
0.299869581565,0.474853389284,1.20710489564,-0.234009924043,-0.344096309904,-0.470739751046,0.259861904895,9.0
0.341508996551,0.474853389284,0.250671614645,-0.0168094021841,0.025378946111,-0.197019941186,0.152092449604,18.0
-1.36570701788,-1.28876196642,-0.825315826477,-1.28432230674,-1.30608371429,-1.23715521865,-1.14114101389,9.0
0.0500330916483,0.323686358796,-0.107990865729,-0.0922687384166,-0.208922435752,-0.0829700204111,-0.146069710035,9.0
-0.782755208073,-0.684093844461,-0.466653346103,-0.961070825851,-0.938861356173,-1.05923734224,-0.965117570248,9.0
-0.49127930317,-0.583315824136,-0.586207506228,-0.831566289344,-0.914079479245,-0.817451510202,-0.749578659666,9.0
-1.03259169799,-1.18798394609,-0.586207506228,-1.1201472644,-1.11684029047,-1.12310529788,-1.17706416565,9.0
-1.32406760289,-1.49031800707,-0.586207506228,-1.24557291786,-1.19794461496,-1.24171721548,-1.21298731742,9.0
-1.15750994295,-1.08720592576,-1.06442414673,-1.20070520443,-1.22047359399,-1.10941930739,-1.10521786213,9.0
-0.741115793087,-0.734482854624,-0.705761666353,-0.915183391656,-0.855504133779,-0.863071478512,-0.925602103308,9.0
-0.324721643226,-0.180203742833,-0.347099185979,-0.484861230978,-0.326073126684,-0.361251827102,-0.85375579978,9.0
-1.28242818791,-1.18798394609,-0.586207506228,-1.18031078923,-1.11909318838,-1.12766729471,-1.17706416565,9.0
0.00839367666226,0.0213522978186,0.848442415268,0.0923007191252,-0.00390872662189,0.24093175459,-0.243062219797,18.0
0.216590751592,0.22290833847,0.0115632943956,-0.235029644803,-0.463499898739,0.0493278876878,-0.0993696127421,9.0
-1.49062526284,-1.38953998674,-1.18397830685,-1.29248007282,-1.26778444994,-1.23259322182,-1.2920182513,9.0
-1.65718292278,-1.69187404772,-1.54264078723,-1.37405773361,-1.405211222,-1.32383315844,-1.28483362095,9.0
-0.241442813254,-0.381759783484,-0.347099185979,-0.716337843475,-0.785664298801,-1.00449338027,-0.501708912496,18.0
-1.78210116774,-1.84304107821,-1.54264078723,-1.42606349237,-1.41422281361,-1.34208114577,-1.39978770659,9.0
-0.324721643226,-0.280981763159,0.0115632943956,-0.317627026354,-0.639225935136,-0.461615757384,-0.314908523324,18.0
-0.408000473198,-0.432148793647,-0.586207506228,-0.690844824478,-0.614444058208,-0.520921716187,-0.756763290018,9.0
-0.449639888184,-0.48253780381,-0.227545025854,-0.624562975084,-0.727088953335,-0.676029608441,-0.530447433907,9.0
-1.36570701788,-1.13759493593,-0.944869986602,-1.26086872926,-1.3218539996,-1.16872526619,-1.17706416565,9.0
-0.616197548128,-0.684093844461,-0.227545025854,-0.932518644574,-0.896056296025,-0.922377437315,-0.961525255072,9.0
-0.366361058212,-0.331370773321,0.13111745452,-0.105525108295,-0.645984628844,-0.461615757384,-0.494524282143,9.0
-0.408000473198,-0.48253780381,-0.347099185979,-0.778540809829,-0.855504133779,-0.908691446822,-0.710063192725,9.0
0.466427241509,0.827576460424,1.32665905577,0.994753591636,0.771088151849,0.669759456704,1.22978700252,18.0
1.04937905131,1.18029953156,0.967996575393,1.62596074201,1.07072357289,1.49548088311,2.09194264485,18.0
-1.19914935793,-1.18798394609,-0.466653346103,-1.11300921908,-1.08980551564,-1.05011334858,-1.10521786213,9.0
-0.657836963115,-0.784871864787,-0.825315826477,-0.76732388147,-0.808193277826,-0.707963586258,-0.832201908722,9.0
-1.03259169799,-1.08720592576,-0.347099185979,-0.839724055423,-0.75862952397,-0.826575503864,-0.871717375662,9.0
-1.44898584785,-1.54070701723,-1.4230866271,-1.29961811814,-1.25877285833,-1.29646117746,-1.26327972989,9.0
0.00839367666226,0.172519328307,-0.466653346103,0.0770049077267,-0.346349207807,-0.0419120489321,0.367631360186,18.0
-0.0332457383238,-0.230592752996,0.0115632943956,-0.345159486872,-0.499546265179,0.208997776773,-0.566370585671,9.0
-1.49062526284,-1.38953998674,-1.06442414673,-1.28840118978,-1.3196011017,-1.19153525034,-1.21298731742,9.0
-0.574558133142,-0.684093844461,-0.107990865729,-0.747949187032,-0.864515725389,-0.206143934848,-0.85375579978,9.0
-0.0748851533098,-0.180203742833,-0.227545025854,-0.516472574535,-0.729341851237,-0.461615757384,-0.390347142028,9.0
-0.158163983282,-0.180203742833,0.489779934894,-0.376770830429,-0.504052060984,0.199873783111,-0.541224379436,9.0
-0.449639888184,-0.381759783484,0.967996575393,-0.650055994082,-0.756376626068,-0.475301747877,-0.548409009789,9.0
-0.699476378101,-0.734482854624,-0.705761666353,-0.886631210378,-0.911826581343,-0.771831541892,-0.839386539075,9.0
-0.824394623059,-0.784871864787,-0.227545025854,-0.791797179708,-0.934355560368,-0.794641526047,-0.602293737434,9.0
-0.699476378101,-0.432148793647,-0.586207506228,-0.66841096776,-0.522075244204,-0.881319465836,-0.663363095433,9.0
-0.408000473198,-0.432148793647,-0.347099185979,-0.575616378609,-0.587409283378,-0.566541684497,-0.480155021438,9.0
-0.324721643226,-0.532926813973,-0.825315826477,-0.674529292319,-0.639225935136,-0.771831541892,-0.620255313316,9.0
-0.241442813254,0.0213522978186,-0.347099185979,-0.149373100971,-0.107542030138,-0.470739751046,-0.178400546622,9.0
-0.199803398268,-0.0794257225071,-0.347099185979,-0.471604861099,-0.40267165537,-0.484425741539,-0.523262803554,9.0
0.13331192162,-0.0290367123443,-0.347099185979,0.126971224962,0.550304157401,0.0995098528288,-0.264616110855,9.0
0.258230166579,0.273297348633,0.13111745452,0.285027942746,0.626902686087,-0.114903998228,-0.00237710298001,9.0
0.383148411537,0.474853389284,0.250671614645,0.251377157669,0.135770943335,0.318485700717,0.256269589719,9.0
0.424787826523,0.57563140961,0.0115632943956,0.263613806788,0.372325223101,0.00826991620884,0.227531068308,9.0
0.549706071481,0.676409429936,0.609334095019,0.506307347644,0.428647670664,0.578519520084,0.507731652065,9.0
0.674624316439,0.474853389284,0.489779934894,0.560352547919,0.277703511195,1.10314915565,0.619093422533,9.0
0.757903146411,1.02913250108,0.250671614645,0.95294504048,0.836422191023,1.37686896551,0.583170270769,9.0
0.799542561397,0.92835448075,0.609334095019,0.975378897198,1.24419671138,0.674321453535,0.547247119005,9.0
0.924460806355,1.02913250108,0.728888255144,1.07429181091,1.1698510806,1.13508313347,1.08609439546,9.0
0.924460806355,0.777187450261,0.609334095019,0.949885878201,1.39063507505,0.729065415506,0.234715698661,9.0
1.0910184663,1.1299105214,0.609334095019,1.18442165298,1.02115981903,1.0073472222,1.19386385075,9.0
1.25757612624,1.18029953156,0.37022577477,1.32514311784,1.21040324284,1.45898490847,1.30163330604,9.0
-0.408000473198,-0.381759783484,-0.347099185979,-0.594991073047,-0.618949854013,-0.539169703511,-0.638216889198,9.0
-0.158163983282,-0.180203742833,-0.227545025854,-0.315587584835,-0.193152150435,-0.361251827102,-0.433454924145,9.0
-0.158163983282,0.0213522978186,-0.347099185979,-0.380849713468,-0.317061535074,-0.434243776398,-0.602293737434,9.0
0.216590751592,0.374075368959,0.37022577477,0.329895656182,0.831916395218,-0.0236640616081,-0.149662025211,9.0
0.216590751592,0.22290833847,0.0115632943956,-0.0372038173821,0.0388963335262,-0.178771953862,0.259861904895,9.0
0.299869581565,0.474853389284,0.489779934894,0.281968780466,0.419636079054,0.24093175459,0.252677274542,9.0
0.424787826523,0.676409429936,0.489779934894,0.581766683877,0.613385298672,0.856801326774,0.367631360186,9.0
0.424787826523,0.525242399447,0.489779934894,0.559332827159,0.804881620387,0.368667665858,0.0730615157238,9.0
0.466427241509,0.827576460424,-0.227545025854,0.621535793513,1.02115981903,0.692569440859,-0.0131540485091,9.0
0.591345486467,0.676409429936,0.609334095019,0.783671394337,1.17886267221,0.573957523253,0.252677274542,9.0
0.591345486467,0.525242399447,0.0115632943956,0.358447837459,0.47821142452,0.263741738745,0.0910230916057,9.0
0.591345486467,0.474853389284,0.250671614645,0.439005777491,0.714765704286,0.364105669027,0.223938753131,9.0
0.674624316439,0.827576460424,0.250671614645,0.623575235033,0.753064968629,0.765561390154,0.40355451195,9.0
0.674624316439,0.676409429936,0.37022577477,0.677620435307,0.95807867776,0.592205510577,0.259861904895,9.0
0.841181976383,0.92835448075,0.609334095019,0.936629508322,0.962584473565,1.12139714297,0.547247119005,9.0
0.841181976383,0.777187450261,1.44621321589,1.12425812814,1.01440112532,1.10771115248,1.16512532934,9.0
1.04937905131,0.877965470587,0.489779934894,0.969260572639,0.949067086149,1.1989510891,0.960363364288,9.0
1.0910184663,0.525242399447,0.489779934894,1.3567544614,1.48750968485,1.37230696868,-0.404716402734,9.0
1.13265788129,1.28107755189,1.20710489564,1.55356056806,1.27573728202,1.06209118417,2.00213476544,9.0
-0.199803398268,-0.331370773321,-0.466653346103,-0.584793865448,-0.650490424649,-0.589351668652,-0.494524282143,9.0
-0.116524568296,-0.0794257225071,-0.347099185979,-0.553182521891,-0.440970919713,-0.557417690835,-0.620255313316,9.0
-0.0332457383238,-0.0794257225071,0.13111745452,-0.106544829055,-0.0309435014523,0.0356418971948,-0.386754826852,9.0
0.00839367666226,-0.0794257225071,0.0115632943956,-0.46446681578,-0.436465123908,-0.475301747877,-0.397531772381,9.0
0.00839367666226,-0.0290367123443,-0.466653346103,-0.149373100971,0.0726898020642,-0.228953919003,-0.271800741208,9.0
0.0916725066344,-0.180203742833,-0.347099185979,-0.46854569882,-0.449982511323,-0.288259877806,-0.501708912496,9.0
0.174951336606,0.0213522978186,-0.466653346103,-0.0728940439785,0.336278856661,-0.365813823933,-0.350831675088,9.0
0.174951336606,0.0717413079814,0.0115632943956,-0.017829122944,0.4601882413,-0.48898773837,-0.149662025211,9.0
0.299869581565,0.22290833847,0.13111745452,0.14430647788,0.471452730812,-0.0282260584391,-0.0347079395674,9.0
0.341508996551,0.474853389284,0.250671614645,0.266672969068,0.437659262274,0.537461548605,-0.0634464609783,9.0
0.341508996551,0.424464379121,0.848442415268,0.368645045058,0.394854202126,0.519213561281,0.184423286191,9.0
0.383148411537,0.525242399447,0.250671614645,0.425749407612,0.820651905705,0.208997776773,0.0802461460766,9.0
0.424787826523,0.273297348633,0.0115632943956,0.0341766358109,0.187587595093,0.0949478559978,-0.1209235038,9.0
0.424787826523,0.626020419773,0.609334095019,0.0821035115262,0.340784652466,0.14969181797,-0.00596941815638,9.0
0.424787826523,0.474853389284,-0.107990865729,0.159602289279,0.293473796512,0.14969181797,0.152092449604,9.0
0.424787826523,0.374075368959,0.728888255144,0.395157784815,0.854445374243,0.336733688041,-0.0778157216838,9.0
0.424787826523,0.374075368959,0.13111745452,0.0372357980906,0.250668736364,0.126881833815,-0.135292764506,9.0
0.466427241509,0.474853389284,1.32665905577,2.10115061613,2.63874051305,2.23908636657,1.45251054345,9.0
0.466427241509,0.374075368959,-0.107990865729,-0.0300657720628,0.0817013936743,0.0995098528288,-0.135292764506,9.0
0.466427241509,0.424464379121,0.0115632943956,0.270751852108,0.570580238524,0.00826991620884,0.101800037135,9.0
0.466427241509,0.424464379121,0.37022577477,0.206509444234,0.115494862212,0.596767507408,0.188015601368,9.0
0.508066656495,0.525242399447,0.13111745452,0.213647489553,0.534533872083,0.0173939098708,-0.0275233092146,9.0
0.632984901453,0.676409429936,0.489779934894,0.403315550895,0.566074442719,0.628701485225,0.126946243369,9.0
0.674624316439,0.626020419773,0.609334095019,0.711271220384,1.13380471416,0.427973624661,0.382000620892,9.0
0.674624316439,0.676409429936,0.0115632943956,0.588904729196,0.881480149073,0.69713143769,0.252677274542,9.0
0.674624316439,0.676409429936,0.609334095019,0.463479075729,0.331773060855,0.354981675365,0.84900159382,9.0
0.716263731425,0.777187450261,0.13111745452,1.02330577291,1.90880159263,0.409725637337,0.342485153952,9.0
0.716263731425,0.626020419773,0.609334095019,0.455321309649,0.624649788185,0.56027153276,0.202384862073,9.0
0.757903146411,0.57563140961,0.250671614645,0.192233353595,0.4601882413,0.0173939098708,0.0191767880782,9.0
0.757903146411,0.676409429936,0.37022577477,0.404335271654,0.394854202126,0.633263482056,0.331708208423,9.0
0.841181976383,0.777187450261,0.848442415268,1.11304119978,1.68576470028,0.829429345788,0.669385835002,9.0
0.924460806355,0.877965470587,-2.97729070872,0.668442948468,0.685478031553,1.16245511445,0.356854414657,9.0
1.04937905131,0.92835448075,1.20710489564,1.29557121581,1.27123148621,1.44529891797,1.33396414263,9.0
1.17429729627,0.92835448075,0.728888255144,0.95600420276,1.10001124562,1.0073472222,0.866963169702,9.0
1.21593671126,0.978743490913,1.56576737602,1.09264678459,1.11803442884,1.11227314931,0.820263072409,9.0
1.3824943712,1.33146656205,0.37022577477,1.27517680061,1.19238005962,1.18526509861,1.08609439546,9.0
1.3824943712,1.23068854173,0.728888255144,1.47810123183,1.96061824439,1.53197685776,0.93880947323,9.0
1.46577320117,1.58341161287,0.967996575393,1.88089093199,2.4134507228,1.41336494016,1.48843369521,9.0
1.46577320117,1.18029953156,1.20710489564,1.66776929317,2.23096599269,1.15333112079,1.15434838381,9.0
1.50741261616,1.43224458238,0.728888255144,0.795908043456,1.2622198946,0.505527570788,0.446662294067,9.0
-1.15750994295,-1.18798394609,-1.18397830685,-1.15685721175,-1.11909318838,-1.10485731055,-1.18065648083,9.0
-0.699476378101,-0.684093844461,-0.466653346103,-0.796895783507,-0.666260709966,-0.890443459498,-0.85375579978,9.0
-0.616197548128,-0.784871864787,-0.825315826477,-0.776501368309,-0.682030995284,-0.835699497526,-0.85375579978,9.0
-0.532918718156,-0.583315824136,-0.825315826477,-0.934558086094,-0.90957368344,-0.94518742147,-0.896863581897,9.0
-0.366361058212,-0.381759783484,-0.347099185979,-0.581734703168,-0.519822346302,-0.726211573582,-0.530447433907,9.0
-0.199803398268,-0.280981763159,-0.107990865729,-0.478742906419,-0.292279658146,-0.698839592596,-0.591516791905,9.0
-0.199803398268,0.122130318144,-0.107990865729,-0.310488981035,-0.258486189608,-0.356689830271,-0.232285274268,9.0
-0.199803398268,-0.331370773321,0.13111745452,-0.508314808456,-0.542351325327,-0.393185804919,-0.386754826852,9.0
-0.199803398268,0.0213522978186,0.0115632943956,-0.341080603832,-0.454488307128,-0.165085963369,-0.307723892972,9.0
-0.199803398268,-0.12981473267,0.0115632943956,-0.422658264624,-0.301291249756,-0.548293697173,-0.314908523324,9.0
-0.0748851533098,-0.0794257225071,-0.107990865729,-0.269700150639,-0.177381865117,-0.502673728863,-0.458601130379,9.0
-0.0332457383238,-0.12981473267,-0.347099185979,-0.338021441552,-0.265244883316,-0.452491763722,-0.347239359912,9.0
0.00839367666226,-0.0794257225071,-0.347099185979,-0.269700150639,0.0434021293313,-0.384061811257,-0.53763206426,9.0
0.00839367666226,0.122130318144,0.37022577477,0.0270385904916,0.30924408183,-0.356689830271,-0.246654534973,9.0
0.0500330916483,0.0717413079814,-0.227545025854,-0.274798754439,0.14027673914,-0.634971636962,-0.516078173201,9.0
0.0500330916483,0.0717413079814,-0.705761666353,-0.518512016055,-0.481523081959,-0.520921716187,-0.358016305441,9.0
0.0500330916483,0.172519328307,-0.227545025854,-0.124899802733,0.268691919585,-0.548293697173,-0.207139068033,9.0
0.0916725066344,-0.0794257225071,-0.107990865729,-0.4614076535,-0.314808637171,-0.543731700342,-0.609478367787,9.0
0.0916725066344,0.0213522978186,-0.227545025854,-0.232990203283,-0.109794928041,-0.333879846116,-0.225100643915,9.0
0.0916725066344,0.273297348633,0.250671614645,-0.227891599483,-0.0534724804776,-0.329317849285,-0.322093153677,9.0
0.13331192162,0.122130318144,0.0115632943956,-0.208516905045,-0.175128967214,-0.329317849285,-0.0706310913311,9.0
0.174951336606,0.374075368959,0.250671614645,-0.05861795334,-0.0264377056472,-0.160523966538,-0.228692959091,9.0
0.216590751592,-0.0290367123443,-0.347099185979,-0.36249473979,-0.283268066536,-0.39774780175,-0.278985371561,9.0
0.216590751592,0.22290833847,0.250671614645,0.0933204398851,0.241657144754,0.0903858591668,0.0658768853711,9.0
0.216590751592,0.172519328307,-0.107990865729,-0.200359138966,-0.121059417554,-0.238077912665,-0.17121591627,9.0
0.258230166579,0.323686358796,0.0115632943956,0.0851626738059,0.214622369924,-0.224391922172,0.11616929784,9.0
0.258230166579,0.22290833847,0.0115632943956,-0.126939244253,-0.0827601532105,-0.142275979214,-0.0634464609783,9.0
0.258230166579,0.172519328307,0.13111745452,-0.077992647778,-0.0489666846725,-0.0373500521011,-0.0993696127421,9.0
0.299869581565,0.172519328307,-0.107990865729,-0.0168094021841,0.054666618844,0.0402038940258,-0.0203386788619,9.0
0.299869581565,0.172519328307,0.13111745452,-0.287035403557,-0.22469272107,-0.457053760553,-0.16043897074,9.0
0.299869581565,0.474853389284,0.13111745452,0.296244871105,0.845433782633,-0.174209957031,-0.0275233092146,9.0
0.383148411537,0.525242399447,-0.107990865729,0.307461799464,0.169564411873,0.656073466211,0.191607916544,9.0
0.383148411537,0.273297348633,-0.347099185979,0.138188153321,0.106483270602,0.0265179035328,0.259861904895,9.0
0.424787826523,0.726798440098,0.609334095019,0.508346789164,0.683225133651,0.263741738745,0.48258544583,9.0
0.508066656495,0.57563140961,0.37022577477,0.174898100677,0.433153466469,0.145129821139,-0.0275233092146,9.0
0.549706071481,0.374075368959,-0.107990865729,-0.116742036654,-0.141335498676,-0.0555980394251,-0.0634464609783,9.0
0.549706071481,0.626020419773,0.967996575393,0.730645914822,1.07748226659,0.42341162783,0.511323967241,9.0
0.674624316439,0.676409429936,0.848442415268,0.504267906125,0.466946935007,0.354981675365,0.69093972606,9.0
0.716263731425,0.57563140961,0.250671614645,0.268712410588,0.406118691639,-0.0738460267491,0.338892838775,9.0
0.757903146411,0.726798440098,0.848442415268,0.589924449956,0.390348406321,1.26738104156,0.439477663714,9.0
0.841181976383,0.474853389284,0.728888255144,0.516504555243,0.613385298672,0.491841580295,0.547247119005,9.0
0.841181976383,1.07952151124,0.489779934894,0.887682911847,0.955825779857,1.32668700037,0.590354901122,9.0
0.882821391369,0.777187450261,0.728888255144,1.00291135772,1.05945908337,1.50004287995,0.762786029587,9.0
0.924460806355,0.92835448075,0.609334095019,1.28639372897,1.55734951983,0.765561390154,1.08609439546,9.0
0.924460806355,0.877965470587,0.848442415268,0.779592511297,1.56636111144,0.83855333945,0.604724161827,9.0
1.04937905131,1.02913250108,1.20710489564,1.45464765435,1.60466037579,1.76007669931,0.97832494017,9.0
1.34085495622,1.38185557222,1.56576737602,1.96552775506,2.05073416049,2.14784642995,1.59620315051,9.0
1.84052793605,1.63380062303,1.80487569627,2.89857225037,3.59171632582,2.42156623981,2.29311229472,9.0
-0.907673453031,-0.936038895276,-0.586207506228,-0.895808697217,-0.711318668017,-1.05467534541,-0.975894515777,9.0
-0.699476378101,-0.432148793647,-0.705761666353,-0.779560530589,-0.659502016259,-0.835699497526,-0.900455897073,9.0
-0.449639888184,-0.633704834298,0.0115632943956,-0.748968907792,-0.587409283378,-0.639533633793,-0.882494321191,9.0
-0.158163983282,-0.230592752996,-0.825315826477,-0.56337972949,-0.542351325327,-0.511797722525,-0.598701422258,9.0
-0.158163983282,-0.280981763159,-0.107990865729,-0.292134007357,0.00735576289077,-0.219829925341,-0.559185955318,9.0
0.0500330916483,0.22290833847,-0.227545025854,-0.253384618481,-0.0602311741852,-0.356689830271,-0.358016305441,9.0
0.174951336606,0.0213522978186,0.0115632943956,-0.179964723768,-0.012920318232,-0.0282260584391,-0.257431480502,9.0
0.216590751592,0.172519328307,0.489779934894,-0.0728940439785,-0.0737485616004,0.208997776773,-0.17121591627,9.0
0.299869581565,0.273297348633,0.250671614645,0.0872021153257,0.523269382571,0.0265179035328,-0.397531772381,9.0
0.424787826523,0.57563140961,0.250671614645,0.512425672204,1.06171198128,0.236369757759,-0.00596941815638,9.0
0.466427241509,0.525242399447,0.848442415268,0.685778201387,1.30953075055,0.364105669027,0.478993130654,9.0
0.466427241509,0.273297348633,0.0115632943956,0.253416599189,0.521016484668,0.327609694379,-0.21073138321,9.0
0.549706071481,0.57563140961,0.250671614645,0.657226020109,1.14281630577,0.532899551774,0.0910230916057,9.0
0.591345486467,0.474853389284,0.489779934894,0.430848011412,0.417383181152,0.774685383816,0.353262099481,9.0
0.632984901453,0.57563140961,1.44621321589,0.877485704248,1.26672569041,0.163377808463,0.84900159382,9.0
0.674624316439,0.777187450261,0.489779934894,0.759198096099,0.259680327974,0.97541324438,1.01424809193,9.0
0.674624316439,1.07952151124,0.728888255144,0.938668949842,1.0842409603,1.03928120001,0.665793519825,9.0
0.799542561397,0.726798440098,0.609334095019,0.497129860805,0.550304157401,0.496403577126,0.525693227947,9.0
0.882821391369,0.626020419773,0.13111745452,0.55423422336,0.723777295896,0.724503418676,0.267046535248,9.0
0.882821391369,0.474853389284,0.250671614645,0.617456910473,0.548051259499,0.856801326774,0.475400815478,9.0
0.966100221341,1.07952151124,1.56576737602,1.43731240143,1.37035899392,1.40424094649,1.17590227487,9.0
1.04937905131,0.92835448075,0.489779934894,1.12935673194,1.54383213242,1.1259591398,0.579577955592,9.0
-0.49127930317,-0.381759783484,-0.466653346103,-0.799954945787,-0.772146911386,-0.904129449991,-0.659770780256,9.0
-0.366361058212,-0.381759783484,-0.347099185979,-0.723475888794,-0.812699073631,-0.703401589427,-0.458601130379,9.0
-0.199803398268,-0.331370773321,0.0115632943956,-0.550123359612,-0.549110019035,-0.415995789074,-0.501708912496,9.0
-0.0748851533098,-0.48253780381,-0.347099185979,-0.726535051074,-0.801434584118,-0.507235725694,-0.724432453431,9.0
-0.0332457383238,0.0213522978186,0.13111745452,-0.372691947389,-0.283268066536,-0.192457944355,-0.530447433907,9.0
0.00839367666226,-0.180203742833,-0.466653346103,-0.335982000033,-0.21568112946,-0.30650786513,-0.437047239321,9.0
0.00839367666226,-0.0794257225071,0.37022577477,-0.248286014681,-0.348602105709,-0.183333950693,-0.0993696127421,9.0
0.0500330916483,-0.0794257225071,0.13111745452,-0.558281125691,-0.747365034458,-0.457053760553,-0.314908523324,9.0
0.13331192162,0.22290833847,0.728888255144,0.0148019413728,0.059172414649,0.00826991620884,0.00839984254911,9.0
0.13331192162,0.172519328307,0.0115632943956,-0.176905561488,-0.177381865117,-0.374937817595,0.0802461460766,9.0
0.13331192162,0.22290833847,0.0115632943956,-0.0188488437039,0.153794126555,-0.0738460267491,-0.0670387761547,9.0
0.13331192162,0.122130318144,0.0115632943956,-0.410421615505,-0.490534673569,-0.575665678159,-0.0275233092146,9.0
0.174951336606,-0.0794257225071,-0.227545025854,-0.291114286597,-0.139082600774,-0.320193855623,-0.422677978616,9.0
0.216590751592,0.172519328307,0.250671614645,-0.386968038028,-0.407177451175,-0.420557785905,-0.156846655564,9.0
0.258230166579,-0.12981473267,-0.227545025854,-0.551143080371,-0.618949854013,-0.511797722525,-0.494524282143,9.0
0.341508996551,0.122130318144,0.37022577477,-0.174866119968,-0.222439823168,0.0493278876878,-0.0562618306256,9.0
0.341508996551,0.323686358796,0.250671614645,0.0698668624074,0.340784652466,-0.288259877806,0.223938753131,9.0
0.341508996551,0.323686358796,-0.347099185979,-0.0545390703004,0.000597069183171,0.0173939098708,-0.17121591627,9.0
0.383148411537,0.424464379121,0.0115632943956,-0.0688151609389,-0.0940246427232,-0.297383871468,0.0443229943128,9.0
0.383148411537,0.273297348633,0.728888255144,0.0392752396104,0.183081799288,-0.133151985552,0.0802461460766,9.0
0.383148411537,0.374075368959,0.37022577477,0.0780246284866,0.0501608230389,-0.0920940140731,0.295785056659,9.0
0.424787826523,0.424464379121,-0.347099185979,-0.0994067837359,-0.143588396579,0.0675758750118,-0.0275233092146,9.0
0.424787826523,0.374075368959,0.728888255144,-0.0555587910603,-0.0534724804776,-0.311069861961,0.0802461460766,9.0
0.424787826523,0.374075368959,0.489779934894,0.0209202659322,0.185334697191,0.158815811632,0.00121521219636,9.0
0.466427241509,0.374075368959,-0.347099185979,-0.243187410882,-0.253980393803,-0.365813823933,-0.0275233092146,9.0
0.632984901453,0.676409429936,0.250671614645,0.614397748194,0.971596065175,0.140567824308,0.475400815478,9.0
0.632984901453,0.726798440098,0.609334095019,0.178976983717,0.243910042657,0.145129821139,0.241900329013,9.0
0.632984901453,0.626020419773,0.609334095019,0.469597400288,0.651684563015,0.551147539098,0.259861904895,9.0
0.674624316439,0.474853389284,0.13111745452,0.303382916424,0.489475914033,-0.0282260584391,0.259861904895,9.0
0.674624316439,0.626020419773,0.13111745452,-0.0535193495405,0.0884600873819,0.418849630999,-0.135292764506,9.0
0.674624316439,0.626020419773,0.37022577477,0.296244871105,0.151541228653,0.396039646844,0.687347410884,9.0
0.716263731425,0.626020419773,0.489779934894,0.394138064055,0.403865793737,0.491841580295,0.399962196774,9.0
0.716263731425,0.57563140961,-0.347099185979,0.191213632835,0.345290448271,0.0858238623358,0.152092449604,9.0
0.716263731425,0.626020419773,0.728888255144,0.590944170716,0.735041785409,0.546585542267,0.511323967241,9.0
0.757903146411,0.676409429936,0.848442415268,0.806105251055,1.10001124562,0.733627412337,0.518508597594,9.0
0.799542561397,0.626020419773,0.0115632943956,0.0566104925287,0.000597069183171,-0.187895947524,0.40355451195,9.0
0.799542561397,0.726798440098,0.848442415268,0.431867732172,0.471452730812,0.382353656351,0.439477663714,9.0
0.841181976383,0.92835448075,0.728888255144,0.55015534032,0.473705628715,0.359543672196,0.827447702762,9.0
0.841181976383,0.777187450261,0.250671614645,0.439005777491,0.354302039881,0.966289250718,0.281415795953,9.0
0.882821391369,0.978743490913,0.728888255144,0.535879249681,0.4601882413,0.779247380647,0.439477663714,9.0
0.924460806355,0.827576460424,0.728888255144,0.882584308047,0.80713451829,0.783809377478,1.01424809193,9.0
1.00773963633,1.02913250108,1.20710489564,1.31698535176,1.10676993933,1.50004287995,1.73271112721,9.0
1.00773963633,1.02913250108,0.489779934894,1.02228605215,1.38387638134,1.17157910811,0.561616379711,9.0
1.00773963633,1.02913250108,0.489779934894,0.841795477651,1.00088373791,0.870487317267,0.547247119005,9.0
1.00773963633,0.777187450261,0.250671614645,0.801006647255,0.946814188247,0.847677333112,0.655016574296,9.0
1.04937905131,0.877965470587,0.37022577477,1.03656214279,1.15182789738,1.26738104156,0.69093972606,9.0
1.04937905131,1.02913250108,0.489779934894,1.13139617346,1.2577140988,1.00278522537,0.917255582171,9.0
1.0910184663,1.02913250108,0.250671614645,0.436966335971,0.541292565791,0.386915653182,0.475400815478,9.0
1.13265788129,0.92835448075,0.609334095019,1.0008719162,1.38612927924,0.806619361633,0.734047508176,9.0
1.17429729627,0.92835448075,0.848442415268,0.95600420276,1.11803442884,1.21719907642,0.547247119005,9.0
-0.324721643226,-0.381759783484,0.37022577477,0.284008221986,0.268691919585,0.592205510577,-0.0167463636855,9.0
-0.324721643226,-0.633704834298,0.489779934894,0.0821035115262,-0.229198516875,0.0402038940258,0.575985640416,9.0
-0.199803398268,-0.381759783484,0.250671614645,0.474696004087,0.606626604964,0.386915653182,0.410739142303,9.0
-0.0748851533098,-0.583315824136,0.37022577477,0.191213632835,0.266439021682,0.158815811632,0.24549264419,9.0
0.174951336606,-0.230592752996,0.250671614645,0.590944170716,0.82515770151,0.583081516915,0.328115893246,9.0
0.383148411537,0.474853389284,0.848442415268,0.390059181016,0.545798361596,0.309361707055,0.367631360186,9.0
0.632984901453,0.57563140961,0.609334095019,0.426769128372,0.622396890282,0.364105669027,0.0874307764293,9.0
0.674624316439,0.676409429936,0.848442415268,0.864229334369,0.892744638586,1.1396451303,0.748416768882,9.0
0.841181976383,0.877965470587,0.848442415268,0.867288496649,1.00088373791,0.961727253887,0.57239332524,9.0
1.00773963633,0.92835448075,0.489779934894,1.12731729042,1.40865825827,1.32668700037,0.547247119005,9.0
1.0910184663,1.1299105214,1.44621321589,1.46586458271,1.59339588627,1.21719907642,1.63212630227,9.0
1.34085495622,1.28107755189,0.848442415268,1.54132391894,1.6136719674,1.79657267396,1.31241025157,9.0
1.63233086112,1.43224458238,1.32665905577,2.53759110136,3.20872368239,2.2436483634,1.88718067979,9.0
-0.408000473198,-0.684093844461,-0.825315826477,-0.76528443995,-0.70455997431,-0.917815440484,-0.663363095433,9.0
-0.324721643226,-0.381759783484,-0.586207506228,-0.758146394631,-0.769894013483,-0.767269545061,-0.638216889198,9.0
-0.199803398268,-0.280981763159,-0.705761666353,-0.547064197332,-0.35761369732,-0.680591605272,-0.638216889198,9.0
-0.0332457383238,0.0717413079814,0.0115632943956,-0.390027200307,-0.231451414778,-0.429681779567,-0.508893542849,9.0
-0.0332457383238,-0.12981473267,-0.347099185979,-0.506275366936,-0.517569448399,-0.315631858792,-0.530447433907,9.0
0.00839367666226,0.0717413079814,-0.466653346103,-0.474664023379,-0.355360799417,-0.552855694004,-0.498116597319,9.0
0.00839367666226,-0.0794257225071,0.13111745452,-0.447131562862,-0.501799163082,-0.197019941186,-0.458601130379,9.0
0.0500330916483,0.22290833847,0.489779934894,-0.212595788085,-0.172876069312,-0.484425741539,0.00839984254911,9.0
0.0500330916483,-0.12981473267,-0.227545025854,-0.517492295295,-0.506304958887,-0.598475662314,-0.401124087557,9.0
0.0500330916483,-0.0290367123443,-0.466653346103,-0.401244128666,-0.395912961663,-0.297383871468,-0.36879325097,9.0
0.0916725066344,0.474853389284,0.0115632943956,0.3523295129,0.768835253947,-0.0373500521011,0.0371383639601,9.0
0.13331192162,0.172519328307,0.489779934894,0.238120787791,0.0366434356237,0.181625795787,0.40355451195,9.0
0.13331192162,-0.12981473267,-0.107990865729,-0.353317252951,-0.400418757468,-0.233515915834,-0.336462414383,9.0
0.174951336606,0.22290833847,0.0115632943956,-0.289074845077,-0.440970919713,-0.365813823933,0.0802461460766,9.0
0.258230166579,0.424464379121,0.848442415268,-0.185063327567,-0.249474597998,-0.0464740457631,-0.135292764506,9.0
0.258230166579,0.474853389284,-0.107990865729,0.0168413828926,0.101977474797,-0.0875320172421,-0.0275233092146,9.0
0.299869581565,0.374075368959,0.609334095019,0.00664417529361,-0.0624840720877,-0.0145400679462,0.288600426306,9.0
0.341508996551,0.273297348633,0.13111745452,0.0321371942911,0.171817309776,-0.206143934848,0.11616929784,9.0
0.341508996551,0.424464379121,0.489779934894,0.135128991041,0.250668736364,0.131443830646,0.0515076246656,9.0
0.383148411537,0.323686358796,0.848442415268,0.229963021712,0.0952187810895,0.437097618323,0.317338947717,9.0
0.383148411537,0.323686358796,-0.466653346103,-0.0524996287806,0.101977474797,-0.256325899989,-0.0347079395674,9.0
0.424787826523,0.424464379121,-0.227545025854,-0.0892095761369,-0.186393456727,0.113195843322,-0.088592667213,9.0
0.424787826523,0.424464379121,0.37022577477,0.301343474905,0.611132400769,0.309361707055,-0.0275233092146,9.0
0.424787826523,0.57563140961,0.848442415268,0.55117506108,0.514257790961,0.19531178628,0.798709181351,9.0
0.424787826523,0.22290833847,0.37022577477,-0.0677954401791,-0.0489666846725,0.108633846491,-0.135292764506,9.0
0.424787826523,0.676409429936,0.13111745452,0.0576302132886,0.0321376398186,-0.0692840299181,0.216754122779,9.0
0.466427241509,0.424464379121,1.32665905577,-0.00457275306528,0.198852084606,-0.0692840299181,-0.0993696127421,9.0
0.466427241509,0.323686358796,0.489779934894,0.00154557149412,-0.103036234333,0.181625795787,0.0694692005474,9.0
0.674624316439,0.474853389284,0.13111745452,0.0678274208876,-0.114300723846,0.163377808463,0.439477663714,9.0
0.757903146411,0.626020419773,0.250671614645,0.527721483602,0.622396890282,0.934355272901,0.213161807602,9.0
0.799542561397,0.827576460424,0.250671614645,0.746961446981,0.455682445495,1.10771115248,0.834632333115,9.0
0.799542561397,0.626020419773,0.250671614645,0.979457780238,1.02566561484,2.37138427467,0.619093422533,9.0
0.841181976383,1.07952151124,0.728888255144,1.02432549367,0.960331575662,1.09402516199,0.877740115231,9.0
0.882821391369,0.827576460424,0.37022577477,0.864229334369,1.21941483445,0.596767507408,0.360446729834,9.0
0.966100221341,0.827576460424,0.37022577477,0.611338585914,0.530028076278,0.806619361633,0.726862877824,9.0
1.0910184663,1.1299105214,0.728888255144,0.643969650231,0.768835253947,0.386915653182,0.784339920646,9.0
-1.40734643286,-1.38953998674,-0.825315826477,-1.13748251731,-0.977160620516,-1.16872526619,-1.18784111118,9.0
-0.158163983282,-0.180203742833,-0.466653346103,-0.35841585675,-0.125565213359,-0.384061811257,-0.516078173201,9.0
-0.116524568296,0.474853389284,-0.107990865729,-0.292134007357,-0.323820228782,-0.242639909496,-0.253839165326,9.0
-0.0748851533098,-0.0794257225071,0.0115632943956,-0.398184966386,-0.321567330879,-0.324755852454,-0.508893542849,9.0
0.00839367666226,0.0213522978186,-0.227545025854,-0.288055124317,-0.0714956636979,-0.283697880975,-0.44782418485,9.0
0.0500330916483,0.22290833847,0.250671614645,-0.178945003008,-0.154852886092,0.0447658908568,-0.307723892972,9.0
0.0500330916483,-0.0290367123443,-0.227545025854,-0.394106083347,-0.431959328103,-0.219829925341,-0.386754826852,9.0
0.299869581565,0.0213522978186,0.489779934894,-0.0147699606643,-0.0782543574055,0.0310799003638,0.101800037135,9.0
0.341508996551,0.374075368959,0.13111745452,0.197331957395,0.338531754563,0.2865517229,0.0622845701947,9.0
0.466427241509,0.525242399447,0.489779934894,0.477755166367,0.692236725261,0.820305352126,0.170054025486,9.0
1.13265788129,1.07952151124,1.32665905577,1.50257453007,1.69027049608,1.57303482924,1.05735587405,9.0
-0.699476378101,-1.0368169156,-0.586207506228,-0.917222833175,-0.889297602317,-0.817451510202,-0.925602103308,9.0
-0.49127930317,-0.532926813973,-1.18397830685,-0.808112711866,-0.715824463822,-0.972559402456,-0.799871072135,9.0
-0.199803398268,-0.180203742833,-0.107990865729,-0.0963476214562,0.00735576289077,-0.210705931679,-0.00237710298001,9.0
0.13331192162,0.122130318144,-0.227545025854,-0.15957030857,0.0388963335262,-0.119465995059,-0.390347142028,9.0
0.174951336606,0.22290833847,0.489779934894,0.0311174735312,0.15829992236,0.0447658908568,-0.0562618306256,9.0
0.216590751592,0.0213522978186,-0.227545025854,0.0851626738059,0.388095508419,0.281989726069,-0.185585176975,9.0
0.341508996551,0.323686358796,-0.107990865729,0.00256529225402,0.151541228653,-0.0647220330871,-0.00596941815638,9.0
0.591345486467,0.57563140961,0.250671614645,0.184075587516,0.334025958758,-0.0373500521011,0.16646171031,9.0
0.799542561397,0.827576460424,0.489779934894,0.463479075729,0.602120809159,0.578519520084,0.241900329013,9.0
1.00773963633,0.877965470587,0.250671614645,0.776533349018,1.09775834772,0.382353656351,0.719678247471,9.0
-0.949312868017,-0.986427905438,-0.705761666353,-1.04774709044,-1.06051784291,-0.89956745316,-1.0333715586,9.0
-1.24078877292,-1.18798394609,-0.944869986602,-1.12728530971,-1.08980551564,-1.13222929154,-1.10521786213,9.0
-0.574558133142,-0.532926813973,-1.4230866271,-0.76834360223,-0.643731730941,-0.739897564075,-0.817832648017,9.0
-0.574558133142,-0.381759783484,-0.347099185979,-0.807092991106,-0.71357156592,-0.493549735201,-0.674140040962,9.0
-0.408000473198,-0.48253780381,-0.705761666353,-0.761205556911,-0.821710665241,-0.767269545061,-0.674140040962,9.0
0.508066656495,0.474853389284,0.0115632943956,0.288087105026,0.462441139202,0.0402038940258,0.40355451195,9.0
-0.699476378101,-0.583315824136,-0.705761666353,-0.755087232351,-0.718077361725,-0.840261494357,-0.781909496253,9.0
0.299869581565,0.172519328307,-0.347099185979,0.210588327274,0.00735576289077,0.295675716562,0.69093972606,9.0
-0.532918718156,-0.583315824136,-0.705761666353,-0.885611489618,-0.860009929584,-0.858509481681,-0.817832648017,9.0
-0.574558133142,-0.583315824136,-0.825315826477,-0.87235511974,-0.90957368344,-0.890443459498,-0.745986344489,9.0
-0.907673453031,-0.83526087495,-0.586207506228,-0.985544124089,-0.986172212126,-0.949749418301,-0.925602103308,9.0
1.84052793605,1.78496765352,1.20710489564,2.31937085875,2.18140223883,2.33945029685,2.49068962942,18.0
0.216590751592,0.626020419773,0.250671614645,0.139207874081,0.0794484957718,0.0310799003638,0.367631360186,9.0
0.716263731425,0.424464379121,0.489779934894,0.626634397313,0.246162940559,1.18982709544,0.439477663714,9.0
-0.657836963115,-0.684093844461,-0.466653346103,-0.777521089069,-0.74961793236,-0.703401589427,-0.781909496253,9.0
-0.0332457383238,-0.0794257225071,-0.347099185979,-0.290094565837,-0.290026760244,-0.0829700204111,-0.386754826852,9.0
0.757903146411,0.726798440098,1.20710489564,1.08346929775,0.771088151849,0.519213561281,1.66086482368,18.0
1.13265788129,0.978743490913,1.44621321589,1.63513822885,0.572833136426,1.06209118417,2.66671307307,18.0
0.216590751592,0.172519328307,0.13111745452,-0.0647362778994,-0.281015168633,-0.279135884144,0.188015601368,9.0
-0.158163983282,-0.0794257225071,0.609334095019,-0.203418301246,-0.413936144883,-0.233515915834,0.0802461460766,9.0
0.299869581565,0.374075368959,0.967996575393,0.151444523199,-0.00841452242696,0.218121770435,0.40355451195,9.0
-0.532918718156,-0.331370773321,0.0115632943956,-0.649036273322,-0.754123728165,-0.694277595765,-0.243062219797,9.0
-0.449639888184,-0.432148793647,-0.466653346103,-0.582754423928,-0.585156385475,-0.283697880975,-0.638216889198,9.0
0.632984901453,0.676409429936,0.967996575393,0.679659876827,0.683225133651,0.79293337114,0.583170270769,18.0
-0.116524568296,-0.0290367123443,-0.227545025854,-0.226871878723,0.059172414649,-0.206143934848,-0.494524282143,9.0
-0.699476378101,-0.331370773321,-0.227545025854,-0.696963149037,-0.600926670793,-0.767269545061,-0.602293737434,9.0
-0.990952283003,-0.936038895276,-0.825315826477,-0.982484961809,-0.896056296025,-0.931501430977,-0.997448406835,9.0
-0.866034038045,-0.784871864787,-0.944869986602,-0.97228775421,-0.88253890861,-0.835699497526,-0.997448406835,9.0
-0.199803398268,-0.12981473267,0.250671614645,-0.232990203283,-0.161611579799,-0.0692840299181,-0.314908523324,9.0
-1.19914935793,-1.08720592576,-1.18397830685,-1.03449072056,-0.923091070855,-0.963435408794,-1.0333715586,9.0
-0.532918718156,-0.331370773321,-0.227545025854,-0.520551457574,-0.490534673569,-0.561979687666,-0.314908523324,9.0
-0.866034038045,-0.633704834298,-0.586207506228,-0.989623007128,-0.93660845827,-0.922377437315,-0.889678951544,9.0
-0.0748851533098,0.122130318144,-0.107990865729,-0.406342732466,-0.350855003612,-0.48898773837,-0.17121591627,9.0
0.341508996551,0.726798440098,0.848442415268,0.261574365268,0.13126514753,0.313923703886,0.259861904895,18.0
-0.616197548128,-0.48253780381,-0.825315826477,-0.728574492594,-0.702307076407,-0.794641526047,-0.645401519551,9.0
1.46577320117,1.23068854173,1.20710489564,0.998832474676,0.849939578438,0.478155589802,1.30163330604,18.0
1.13265788129,1.18029953156,1.56576737602,1.09672566763,0.635914277697,1.0073472222,1.22978700252,18.0
0.383148411537,0.676409429936,1.32665905577,0.409433875454,0.46919983291,0.0903858591668,0.475400815478,18.0
-0.199803398268,-0.12981473267,-0.466653346103,-0.594991073047,-0.643731730941,-0.657781621117,-0.433454924145,9.0
-0.866034038045,-1.0368169156,-0.705761666353,-1.11912754364,-1.19569171706,-0.931501430977,-1.02977924342,9.0
-0.824394623059,-0.936038895276,-0.347099185979,-0.97126803345,-1.10782869886,-1.13222929154,-0.781909496253,18.0
-0.49127930317,-0.583315824136,-0.227545025854,-0.682687058398,-0.742859238653,-0.707963586258,-0.602293737434,18.0
-1.53226467782,-1.54070701723,-1.06442414673,-1.25577012546,-1.25426706253,-1.33751914894,-1.21298731742,9.0
0.924460806355,0.92835448075,0.967996575393,0.985576104797,0.764329458142,0.619577491563,1.76863427897,18.0
-1.57390409281,-1.69187404772,-1.06442414673,-1.34346611081,-1.33987718282,-1.29189918063,-1.32075677271,9.0
-1.49062526284,-1.54070701723,-0.944869986602,-1.28840118978,-1.29932502058,-1.18241125668,-1.28483362095,9.0
-0.408000473198,-0.532926813973,-0.347099185979,-0.746929466272,-0.781158502996,-0.67146761161,-0.674140040962,9.0
-0.199803398268,-0.532926813973,0.0115632943956,-0.613346046725,-0.661754914161,-0.288259877806,-0.710063192725,9.0
-1.28242818791,-1.23837295625,-0.825315826477,-1.13952195883,-1.11233449467,-1.11398130422,-1.11599480766,9.0
-1.07423111297,-1.0368169156,-0.825315826477,-1.1150486606,-1.17992143174,-1.05467534541,-1.02618692825,9.0
-0.824394623059,-0.83526087495,-0.466653346103,-0.924360878495,-0.979413518418,-0.676029608441,-0.961525255072,9.0
1.00773963633,0.777187450261,0.37022577477,1.3465572538,1.04594169596,1.1989510891,1.01424809193,18.0
-1.03259169799,-1.0368169156,-0.227545025854,-1.09159508312,-1.18668012545,-1.03186536126,-0.961525255072,9.0
-1.61554350779,-1.49031800707,-1.4230866271,-1.28228286522,-1.33762428492,-1.19153525034,-1.21298731742,9.0
0.00839367666226,0.172519328307,1.20710489564,0.0882218360856,0.464694037105,-0.0738460267491,-0.286170001913,9.0
0.13331192162,0.122130318144,-0.466653346103,-0.0351643758623,0.147035432848,-0.320193855623,-0.110146558271,9.0
0.341508996551,0.323686358796,0.250671614645,0.314599844783,0.397107100029,0.500965573957,0.0694692005474,9.0
0.549706071481,0.474853389284,0.489779934894,0.532820087402,0.633661379795,0.373229662689,0.382000620892,9.0
0.549706071481,0.726798440098,0.489779934894,0.883604028807,0.942308392442,0.83855333945,0.69093972606,9.0
0.632984901453,0.676409429936,-0.107990865729,1.24764434009,1.03242430854,0.0949478559978,0.565208694887,9.0
0.632984901453,0.777187450261,0.609334095019,0.635811884152,1.02566561484,0.336733688041,0.353262099481,9.0
1.3824943712,1.43224458238,0.967996575393,1.69326231217,2.30756452138,0.774685383816,1.44173359792,9.0
-0.49127930317,-0.684093844461,-0.825315826477,-0.699002590557,-0.578397691768,-0.703401589427,-0.835794223899,9.0
-0.0748851533098,-0.12981473267,-0.466653346103,-0.372691947389,-0.335084718294,-0.402309798581,-0.480155021438,9.0
0.13331192162,0.273297348633,0.0115632943956,-0.192201372887,-0.132323907066,-0.192457944355,-0.185585176975,9.0
0.383148411537,0.374075368959,0.250671614645,0.339073143021,0.651684563015,0.0402038940258,0.0838384612529,9.0
0.591345486467,0.626020419773,0.37022577477,0.711271220384,0.822904803608,0.806619361633,0.511323967241,9.0
0.591345486467,0.57563140961,0.250671614645,0.505287626884,0.593109217549,0.359543672196,0.346077469128,9.0
0.632984901453,0.525242399447,0.250671614645,0.85301240601,0.784605539265,0.847677333112,0.367631360186,9.0
0.799542561397,1.02913250108,0.848442415268,0.900939281725,0.820651905705,1.29931501938,0.601131846651,9.0
0.799542561397,0.676409429936,0.489779934894,1.01106912379,1.47399229744,0.478155589802,0.637054998414,9.0
0.841181976383,0.827576460424,0.609334095019,0.608279423634,0.530028076278,0.510089567619,0.57239332524,9.0
0.882821391369,0.877965470587,0.13111745452,0.64906825403,0.838675088925,0.779247380647,0.356854414657,9.0
1.00773963633,0.827576460424,0.489779934894,0.861170172089,0.793617130875,1.40424094649,0.558024064534,9.0
1.04937905131,0.92835448075,1.08755073552,1.24968378161,1.71955816882,1.04840519368,0.734047508176,9.0
1.21593671126,1.1299105214,1.20710489564,1.65145376101,2.03721677307,1.71901872783,1.09327902581,9.0
-0.199803398268,-0.280981763159,-0.466653346103,-0.514433133015,-0.389154267955,-0.415995789074,-0.674140040962,9.0
-0.0748851533098,-0.0794257225071,-0.347099185979,-0.481802068698,-0.425200634395,-0.575665678159,-0.508893542849,9.0
-0.0332457383238,-0.12981473267,-0.107990865729,-0.399204687146,-0.274256474926,-0.466177754215,-0.458601130379,9.0
0.174951336606,0.22290833847,0.0115632943956,0.00664417529361,0.343037550368,-0.0966560109041,-0.271800741208,9.0
0.174951336606,-0.0794257225071,0.0115632943956,-0.103485666776,0.0388963335262,0.313923703886,-0.422677978616,9.0
0.341508996551,0.22290833847,-0.227545025854,-0.0912490176567,-0.0444608888675,0.0721378718428,-0.185585176975,9.0
0.383148411537,0.424464379121,0.967996575393,0.161641730798,0.189840492996,0.33217169121,0.11616929784,9.0
0.383148411537,0.424464379121,-0.107990865729,0.390059181016,0.840927986828,0.213559773604,0.0802461460766,9.0
0.383148411537,0.22290833847,0.489779934894,-0.0361840966222,0.126759351725,-0.197019941186,-0.0742234065075,9.0
0.549706071481,0.525242399447,0.0115632943956,0.357428116699,0.615638196575,0.327609694379,0.152092449604,9.0
0.591345486467,0.626020419773,0.609334095019,0.569530034758,0.595362115452,0.473593592971,0.687347410884,9.0
0.591345486467,0.525242399447,0.0115632943956,0.0474330056896,0.279956409097,0.409725637337,-0.0850003520366,9.0
0.757903146411,0.676409429936,0.728888255144,0.461439634209,0.827410599413,0.596767507408,-0.031115624391,9.0
0.757903146411,0.626020419773,0.37022577477,0.520583438283,1.03242430854,0.259179741914,0.0515076246656,9.0
0.799542561397,0.827576460424,0.37022577477,0.5532145026,0.65619035882,0.610453497901,0.511323967241,9.0
0.841181976383,0.827576460424,0.37022577477,0.583806125397,0.561568646914,0.879611310929,0.507731652065,9.0
1.00773963633,1.07952151124,0.489779934894,0.725547311023,0.660696154625,1.18982709544,0.69093972606,9.0
1.00773963633,0.726798440098,0.250671614645,0.740843122421,1.10902283723,0.719941421845,0.331708208423,9.0
1.00773963633,1.1299105214,0.967996575393,0.930511183763,0.982860554687,1.56391083558,0.561616379711,9.0
1.04937905131,1.07952151124,-0.347099185979,0.717389544944,0.739547581214,0.934355272901,0.637054998414,9.0
1.04937905131,1.1299105214,0.848442415268,0.890742074126,1.15182789738,0.88417330776,0.698124356413,9.0
1.04937905131,1.02913250108,0.37022577477,1.17932304918,1.63169515062,1.07121517783,0.69093972606,9.0
1.04937905131,0.827576460424,0.37022577477,0.598082216035,0.836422191023,0.432535621492,0.478993130654,9.0
1.17429729627,0.978743490913,0.609334095019,1.06103544103,1.07748226659,1.24913305424,0.870555484879,9.0
1.6739702761,1.43224458238,1.44621321589,1.38938552572,2.31657611299,2.2436483634,1.93747309226,9.0
-0.657836963115,-0.48253780381,-0.705761666353,-0.826467685544,-0.799181686216,-0.949749418301,-0.710063192725,9.0
-0.158163983282,-0.230592752996,-0.347099185979,-0.474664023379,-0.515316550497,-0.76270754823,-0.207139068033,9.0
-0.158163983282,-0.280981763159,-0.107990865729,-0.591931910767,-0.427453532298,-0.780955535554,-0.530447433907,9.0
-0.0748851533098,-0.12981473267,-0.107990865729,-0.637819344963,-0.711318668017,-0.44336777006,-0.552001324965,9.0
0.00839367666226,-0.331370773321,-0.466653346103,-0.402263849426,-0.247221700095,-0.607599655976,-0.350831675088,9.0
0.216590751592,0.122130318144,0.37022577477,0.169799496878,0.611132400769,-0.000854077453158,-0.243062219797,9.0
0.216590751592,0.57563140961,0.250671614645,0.218746093353,0.548051259499,-0.0601600362561,0.0335460487837,9.0
0.424787826523,0.273297348633,0.37022577477,0.14022759484,0.234898451047,0.473593592971,-0.0634464609783,9.0
0.466427241509,0.172519328307,0.250671614645,0.0311174735312,0.0231260482085,0.0402038940258,0.227531068308,9.0
0.508066656495,0.122130318144,0.13111745452,-0.316607305595,-0.314808637171,-0.420557785905,-0.135292764506,9.0
0.549706071481,0.626020419773,0.13111745452,0.193253074355,0.428647670664,-0.0692840299181,0.108984667488,9.0
0.632984901453,0.424464379121,0.13111745452,0.0984190436846,0.329520162953,-0.233515915834,0.00839984254911,9.0
0.632984901453,1.02913250108,1.08755073552,0.930511183763,1.12704602045,0.856801326774,0.547247119005,9.0
0.799542561397,0.57563140961,0.0115632943956,0.676600714548,1.0864938582,0.354981675365,0.489770076183,9.0
1.04937905131,1.1299105214,0.37022577477,1.09978482991,1.1675981827,0.979975241211,0.906478636642,9.0
1.13265788129,0.978743490913,1.20710489564,1.17422444538,1.19913875333,1.43161292748,0.974732624993,9.0
1.25757612624,1.18029953156,0.728888255144,1.7993132712,2.1498616682,1.56391083558,1.69678797544,9.0
1.50741261616,1.33146656205,1.56576737602,1.89312758111,2.10480371015,2.15697042361,1.59620315051,9.0
1.6739702761,1.63380062303,1.20710489564,3.06274729271,4.02652562101,3.2883456377,2.02009634132,9.0
-0.199803398268,-0.432148793647,-0.227545025854,-0.477723185659,-0.226945618973,-0.657781621117,-0.613070682963,9.0
-0.0332457383238,-0.0794257225071,-0.825315826477,0.0882218360856,0.415130283249,-0.174209957031,-0.28976231709,9.0
0.00839367666226,0.22290833847,-0.107990865729,0.0300977527713,0.329520162953,-0.00541607428416,-0.411901033087,9.0
0.13331192162,0.122130318144,0.0115632943956,-0.0514799080207,0.092965883187,-0.000854077453158,-0.207139068033,9.0
0.13331192162,0.0717413079814,0.250671614645,-0.0351643758623,0.126759351725,0.0630138781808,-0.253839165326,9.0
0.466427241509,0.374075368959,0.489779934894,0.316639286303,0.588603421744,0.186187792618,0.223938753131,9.0
0.549706071481,0.626020419773,0.37022577477,0.703113454305,1.19463295753,0.478155589802,0.148500134428,9.0
0.549706071481,0.777187450261,0.37022577477,0.509366509924,0.424141874859,0.573957523253,0.511323967241,9.0
0.591345486467,0.273297348633,0.489779934894,0.465518517248,0.297979592317,0.396039646844,0.511323967241,9.0
0.632984901453,0.676409429936,0.848442415268,0.573608917798,0.680972235748,0.688007444028,0.331708208423,9.0
0.841181976383,0.777187450261,0.489779934894,0.867288496649,1.04368879806,0.715379425014,0.787932235822,9.0
1.00773963633,0.827576460424,0.489779934894,0.688837363666,0.604373707062,1.23088506692,0.432293033361,9.0
-0.532918718156,-0.48253780381,0.0115632943956,-0.778540809829,-0.893803398122,-0.85394748485,-0.566370585671,9.0
-0.199803398268,-0.180203742833,-0.227545025854,-0.655154597881,-0.666260709966,-0.698839592596,-0.455008815203,9.0
-0.158163983282,0.172519328307,-0.347099185979,-0.443052679822,-0.515316550497,-0.393185804919,-0.278985371561,9.0
-0.116524568296,-0.0794257225071,0.13111745452,-0.512393691495,-0.578397691768,-0.343003839778,-0.444231869674,9.0
0.216590751592,0.273297348633,0.0115632943956,-0.170787236929,-0.0557253783801,-0.0601600362561,-0.088592667213,9.0
0.299869581565,0.273297348633,-0.227545025854,-0.105525108295,-0.0241848077447,-0.0692840299181,-0.1209235038,9.0
0.424787826523,0.474853389284,0.489779934894,0.327856214662,0.611132400769,0.131443830646,0.0515076246656,9.0
0.466427241509,0.424464379121,0.728888255144,0.289106825786,0.4601882413,0.46903159614,0.0658768853711,9.0
0.466427241509,0.424464379121,0.250671614645,0.186115029036,0.151541228653,0.2865517229,0.36403904501,9.0
0.508066656495,0.424464379121,-0.107990865729,0.053551330249,0.0907129852845,0.0584518813498,0.152092449604,9.0
0.549706071481,0.92835448075,0.250671614645,0.638871046431,0.566074442719,0.770123386985,0.762786029587,9.0
0.549706071481,0.525242399447,-0.347099185979,-0.150392821731,-0.114300723846,-0.279135884144,-0.00596941815638,9.0
0.632984901453,0.374075368959,-0.107990865729,0.187134749796,0.385842610516,0.208997776773,0.101800037135,9.0
0.632984901453,0.424464379121,0.250671614645,0.272791293627,0.352049141978,0.382353656351,0.277823480777,9.0
0.674624316439,0.827576460424,0.967996575393,0.689857084426,0.439912160177,0.998223228535,0.974732624993,9.0
0.757903146411,1.07952151124,-0.107990865729,0.597062495275,0.836422191023,0.455345605647,0.367631360186,9.0
0.799542561397,0.676409429936,0.250671614645,0.256475761469,0.430900568567,0.0538898845188,0.274231165601,9.0
0.882821391369,1.23068854173,0.967996575393,0.919294255404,1.16534528479,0.688007444028,0.547247119005,9.0
1.21593671126,0.777187450261,0.848442415268,0.872387100448,0.793617130875,1.29019102572,1.05735587405,9.0
1.21593671126,1.18029953156,0.728888255144,1.1660666793,1.60240747788,1.11227314931,1.0645405044,9.0
1.21593671126,1.18029953156,1.32665905577,1.24764434009,1.3523358107,0.79293337114,1.33755645781,9.0
-0.116524568296,-0.381759783484,1.68532153614,0.722488148743,0.669707746235,1.01647121586,0.748416768882,9.0
0.258230166579,0.172519328307,0.250671614645,0.0902612776054,0.464694037105,0.0356418971948,-0.304131577795,9.0
0.299869581565,0.172519328307,-0.107990865729,0.229963021712,0.67421354204,0.190749789449,-0.296946947443,9.0
0.549706071481,0.323686358796,0.0115632943956,0.363546441258,0.532280974181,0.272865732407,0.385592936068,9.0
0.716263731425,0.676409429936,0.848442415268,0.398216947095,0.223633961534,0.733627412337,0.597539531474,9.0
0.716263731425,0.777187450261,0.728888255144,0.922353417683,1.07072357289,1.12139714297,0.655016574296,9.0
0.841181976383,0.827576460424,-0.705761666353,0.626634397313,0.753064968629,0.0995098528288,0.385592936068,9.0
0.924460806355,1.02913250108,0.728888255144,0.805085530295,0.777846845557,0.824867348957,0.827447702762,9.0
0.966100221341,0.777187450261,0.489779934894,0.361506999739,0.435406364372,0.400601643675,0.320931262894,9.0
-0.699476378101,-0.885649885113,-0.825315826477,-0.899887580257,-0.828469358949,-0.972559402456,-0.85375579978,9.0
-0.574558133142,-0.532926813973,-0.825315826477,-0.931498923814,-0.997436701639,-0.949749418301,-0.745986344489,9.0
-0.408000473198,-0.331370773321,-0.705761666353,-0.760185836151,-0.799181686216,-0.744459560906,-0.566370585671,9.0
0.0916725066344,0.122130318144,0.13111745452,-0.286015682798,-0.389154267955,-0.265449893651,-0.0131540485091,9.0
0.299869581565,0.424464379121,0.13111745452,0.133089549521,0.13126514753,0.263741738745,0.180830971015,9.0
0.341508996551,0.323686358796,-0.107990865729,-0.123880081974,-0.130071009164,-0.384061811257,0.0622845701947,9.0
0.424787826523,0.626020419773,0.250671614645,0.305422357944,0.410624487444,0.140567824308,0.267046535248,9.0
0.424787826523,0.374075368959,0.489779934894,0.181016425236,0.408371589542,0.117757840153,0.00839984254911,9.0
0.549706071481,0.273297348633,0.609334095019,0.301343474905,0.419636079054,0.537461548605,-0.0275233092146,9.0
0.549706071481,-0.0290367123443,0.250671614645,0.0494724472094,-0.150347090287,0.738189409168,0.0443229943128,9.0
0.591345486467,0.726798440098,0.0115632943956,0.170819217637,0.225886859436,0.0173939098708,0.360446729834,9.0
0.591345486467,0.525242399447,0.489779934894,0.188154470556,0.185334697191,0.199873783111,0.349669784305,9.0
0.924460806355,0.827576460424,0.37022577477,0.644989370991,0.532280974181,1.12139714297,0.550839434181,9.0
0.924460806355,0.92835448075,0.967996575393,0.663344344669,0.365566529393,0.464469599309,1.0645405044,9.0
0.966100221341,0.92835448075,0.250671614645,0.760217816859,0.899503332294,0.459907602478,0.694532041236,9.0
1.0910184663,0.827576460424,0.489779934894,0.765316420659,0.838675088925,0.738189409168,0.601131846651,9.0
0.00839367666226,-0.0794257225071,-0.227545025854,-0.421638543864,-0.422947736493,-0.30650786513,-0.393939457205,9.0
0.0500330916483,0.0717413079814,-0.466653346103,-0.250325456201,-0.107542030138,-0.155961969707,-0.749578659666,9.0
0.0500330916483,-0.12981473267,-0.586207506228,-0.530748665173,-0.497293367277,-0.393185804919,-0.559185955318,9.0
0.424787826523,0.726798440098,0.250671614645,0.240160229311,0.343037550368,0.729065415506,0.0838384612529,9.0
0.00839367666226,-0.0794257225071,-0.227545025854,-0.26358182608,-0.21568112946,-0.452491763722,-0.113738873448,9.0
0.424787826523,0.424464379121,-0.107990865729,0.189174191316,-0.0241848077447,0.259179741914,-0.0167463636855,9.0
0.799542561397,0.777187450261,0.37022577477,0.745941726221,0.680972235748,0.824867348957,0.813078442057,9.0
-0.324721643226,-0.180203742833,-0.944869986602,-0.555221963411,-0.621202751916,-0.593913665483,-0.386754826852,9.0
-0.532918718156,-0.583315824136,-0.347099185979,-0.636799624203,-0.769894013483,-0.603037659145,-0.386754826852,9.0
0.841181976383,0.726798440098,1.44621321589,1.00902968227,1.11803442884,1.1396451303,0.834632333115,9.0
-0.824394623059,-0.734482854624,-0.944869986602,-0.857059308341,-0.828469358949,-0.80832751654,-0.745986344489,9.0
-0.158163983282,-0.12981473267,-0.347099185979,-0.395125804107,-0.312555739269,-0.228953919003,-0.458601130379,9.0
-0.782755208073,-0.583315824136,-1.18397830685,-0.880512885819,-0.90957368344,-0.835699497526,-0.85375579978,9.0
0.216590751592,0.273297348633,-0.705761666353,-0.0463813042212,-0.080507255308,0.204435779942,-0.17121591627,9.0
0.216590751592,0.323686358796,-0.347099185979,-0.129998406533,-0.132323907066,0.291113719731,0.0443229943128,9.0
0.174951336606,0.0213522978186,-0.586207506228,-0.310488981035,-0.312555739269,-0.206143934848,-0.135292764506,9.0
0.966100221341,1.33146656205,0.848442415268,1.51379145843,1.20589744704,0.824867348957,1.69678797544,18.0
-0.616197548128,-0.532926813973,-0.466653346103,-0.883572048099,-0.956884539393,-0.949749418301,-0.674140040962,9.0
0.174951336606,-0.0290367123443,0.848442415268,0.308481520224,-0.454488307128,0.24093175459,1.01424809193,18.0
-0.28308222824,-0.280981763159,0.37022577477,-0.511373970735,-0.540098427425,-0.502673728863,-0.422677978616,9.0
-1.57390409281,-1.4399289969,-1.06442414673,-1.28738146902,-1.26102575624,-1.30558517112,-1.21298731742,9.0
-1.69882233777,-1.59109602739,-1.4230866271,-1.37099857133,-1.36240616185,-1.33751914894,-1.28483362095,9.0
-1.15750994295,-1.0368169156,-1.18397830685,-1.12422614743,-1.12810477999,-1.17784925985,-0.997448406835,9.0
-0.0332457383238,0.273297348633,1.32665905577,0.294205429585,-0.274256474926,0.300237713393,0.834632333115,18.0
-0.699476378101,-0.583315824136,-0.466653346103,-0.925380599255,-0.977160620516,-0.767269545061,-0.889678951544,9.0
-0.866034038045,-0.83526087495,-0.347099185979,-0.891729814178,-0.90957368344,-0.712525583089,-0.889678951544,9.0
0.924460806355,1.02913250108,0.37022577477,0.667423227708,0.30924408183,0.989099234873,0.547247119005,18.0
-0.741115793087,-0.583315824136,-0.347099185979,-0.754067511591,-0.73159474914,-0.603037659145,-0.674140040962,9.0
-0.158163983282,-0.230592752996,-0.705761666353,-0.354336973711,-0.184140558825,-0.279135884144,-0.386754826852,9.0
0.966100221341,0.978743490913,0.609334095019,1.25376266465,1.14957499947,1.12139714297,1.08609439546,18.0
-0.199803398268,-0.0290367123443,0.0115632943956,-0.316607305595,-0.425200634395,-0.516359719356,0.0802461460766,18.0
1.0910184663,1.23068854173,1.20710489564,1.22215132109,0.602120809159,1.25369505107,2.34340470719,18.0
0.0500330916483,-0.0290367123443,-0.227545025854,-0.185063327567,-0.337337616197,-0.0966560109041,-0.32927778403,9.0
-0.616197548128,-0.83526087495,-0.107990865729,-0.796895783507,-0.805940379923,-0.584789671821,-0.925602103308,9.0
-0.324721643226,-0.532926813973,-0.466653346103,-0.653115156361,-0.673019403674,-0.53460770668,-0.745986344489,9.0
-1.44898584785,-1.49031800707,-1.18397830685,-1.29248007282,-1.28355473526,-1.2736511933,-1.24531815401,9.0
-0.949312868017,-0.936038895276,-1.06442414673,-1.06610206412,-1.07403523032,-0.977121399287,-1.06929471036,9.0
-0.949312868017,-1.08720592576,-0.944869986602,-1.07629927172,-1.06051784291,-1.01817937077,-1.06929471036,9.0
0.174951336606,0.0213522978186,0.13111745452,0.0902612776054,-0.2517274959,0.140567824308,0.511323967241,18.0
0.674624316439,0.676409429936,0.489779934894,1.60556632682,0.856698272146,1.38143096234,0.726862877824,18.0
-1.32406760289,-1.23837295625,-1.30353246698,-1.24047431406,-1.2339909814,-1.17784925985,-1.21298731742,9.0
-0.366361058212,-0.12981473267,0.250671614645,-0.300291773436,-0.652743322551,-0.365813823933,0.0766538309002,18.0
-1.44898584785,-1.4399289969,-0.705761666353,-1.26392789154,-1.3218539996,-1.10941930739,-1.17706416565,9.0
-0.28308222824,-0.12981473267,-0.466653346103,-0.315587584835,-0.121059417554,-0.520921716187,-0.386754826852,9.0
0.299869581565,0.57563140961,0.489779934894,0.413512758494,0.32726726505,0.199873783111,0.705308986765,9.0
0.466427241509,0.525242399447,0.250671614645,0.382921135697,0.593109217549,0.368667665858,0.188015601368,9.0
0.716263731425,0.626020419773,0.37022577477,0.415552200013,0.62014399238,0.336733688041,0.28500811113,9.0
-0.28308222824,-0.0794257225071,-0.586207506228,-0.529728944414,-0.465752796641,-0.438805773229,-0.674140040962,9.0
0.632984901453,0.676409429936,0.37022577477,0.631733001112,0.642672971405,0.446221611985,0.511323967241,9.0
0.799542561397,0.777187450261,0.609334095019,0.619496351993,0.739547581214,0.637825478887,0.313746632541,9.0
0.966100221341,0.726798440098,1.32665905577,0.641930208711,0.595362115452,0.491841580295,0.820263072409,9.0
0.966100221341,0.92835448075,0.728888255144,1.27619652137,1.27348438411,1.61409280072,0.827447702762,9.0
1.6739702761,1.73457864336,1.08755073552,1.41589826547,2.00567620244,1.63234078804,1.42736433722,9.0
0.258230166579,0.22290833847,-0.107990865729,-0.0341446551024,0.207863676216,-0.160523966538,-0.124515818977,9.0
0.508066656495,0.424464379121,0.13111745452,0.315619565543,0.563821544816,0.56027153276,-0.135292764506,9.0
0.591345486467,0.626020419773,0.609334095019,0.380881694177,0.593109217549,0.0903858591668,0.360446729834,9.0
0.841181976383,0.626020419773,0.848442415268,0.714330382664,1.10676993933,0.706255431352,0.231123383484,9.0
0.966100221341,0.676409429936,0.848442415268,0.664364065429,0.572833136426,1.4635469053,0.353262099481,9.0
1.04937905131,0.978743490913,0.967996575393,1.30576842341,1.58663719257,1.39511695283,1.01424809193,9.0
1.13265788129,0.92835448075,0.848442415268,1.01718744835,0.885985944878,0.911545288746,1.21901005699,9.0
-1.03259169799,-1.4399289969,-0.944869986602,-1.12422614743,-1.05826494501,-1.09573331689,-1.14114101389,9.0
-0.408000473198,-0.532926813973,-0.347099185979,-0.697982869797,-0.648237526746,-0.639533633793,-0.69569393202,9.0
-0.366361058212,-0.532926813973,-0.347099185979,-0.682687058398,-0.54460422323,-0.885881462667,-0.638216889198,9.0
-0.199803398268,-0.432148793647,-0.347099185979,-0.613346046725,-0.587409283378,-0.707963586258,-0.534039749083,9.0
-0.0748851533098,-0.0794257225071,-0.107990865729,-0.393086362587,-0.24271590429,-0.539169703511,-0.383162511676,9.0
0.0500330916483,-0.0290367123443,-0.227545025854,-0.341080603832,-0.292279658146,-0.374937817595,-0.350831675088,9.0
0.0916725066344,0.0213522978186,-0.227545025854,-0.451210445901,-0.41168324698,-0.530045709849,-0.296946947443,9.0
0.383148411537,0.122130318144,-0.227545025854,-0.110623712095,-0.0264377056472,-0.274573887313,-0.0167463636855,9.0
0.424787826523,0.323686358796,-0.347099185979,0.0464132849297,0.433153466469,-0.0829700204111,-0.304131577795,9.0
0.424787826523,0.676409429936,0.489779934894,0.135128991041,0.00510286498824,0.368667665858,0.231123383484,9.0
0.424787826523,0.424464379121,0.37022577477,0.116774017363,0.00510286498824,0.277427729238,0.134130873722,9.0
0.466427241509,0.626020419773,0.609334095019,0.432887452932,0.813893211997,-0.133151985552,0.288600426306,9.0
0.508066656495,0.57563140961,0.609334095019,0.217726372593,0.198852084606,0.427973624661,0.144907819251,9.0
0.508066656495,0.525242399447,0.609334095019,0.467557958768,0.570580238524,0.633263482056,0.396369881597,9.0
0.632984901453,0.626020419773,0.728888255144,0.513445392964,0.631408481892,0.400601643675,0.586762585945,9.0
0.632984901453,0.777187450261,0.13111745452,-0.107564549815,-0.0219319098422,-0.201581938017,0.00121521219636,9.0
0.841181976383,0.726798440098,0.489779934894,0.637851325671,0.991872146298,0.309361707055,0.367631360186,9.0
0.841181976383,0.92835448075,0.848442415268,0.906037885525,0.922032311319,1.10771115248,0.971140309817,9.0
0.841181976383,0.777187450261,0.489779934894,0.784691115097,1.22392063026,0.391477650013,0.453846924419,9.0
1.04937905131,0.676409429936,0.609334095019,1.13955393954,0.9941250442,1.53197685776,0.507731652065,9.0
0.258230166579,-0.0290367123443,-0.466653346103,0.171838938397,0.446670853885,0.140567824308,-0.232285274268,9.0
0.466427241509,0.424464379121,0.489779934894,0.0790443492465,0.153794126555,0.368667665858,-0.17121591627,9.0
0.757903146411,0.676409429936,1.20710489564,1.23336824945,1.67675310867,1.13508313347,0.644239628767,9.0
0.799542561397,0.525242399447,0.489779934894,0.24831799539,0.595362115452,0.177063798956,-0.0778157216838,9.0
0.966100221341,0.92835448075,0.728888255144,0.888702632607,0.926538107124,1.43161292748,0.547247119005,9.0
1.17429729627,0.92835448075,0.848442415268,1.23744713249,1.27799017992,1.50004287995,0.942401788406,9.0
-0.49127930317,-0.381759783484,-0.586207506228,-0.859098749861,-0.93660845827,-0.794641526047,-0.670547725785,9.0
-0.408000473198,-0.734482854624,-0.944869986602,-0.787718296668,-0.765388217678,-0.863071478512,-0.745986344489,9.0
-0.408000473198,-0.583315824136,-0.347099185979,-0.828507127064,-0.760882421873,-0.926939434146,-0.742394029313,9.0
-0.28308222824,-0.180203742833,-0.466653346103,-0.648016552562,-0.625708547721,-0.707963586258,-0.462193445556,9.0
-0.0748851533098,-0.0290367123443,-0.227545025854,-0.521571178334,-0.659502016259,-0.425119782736,-0.314908523324,9.0
0.0500330916483,0.172519328307,-0.227545025854,-0.0973673422161,0.14027673914,0.181625795787,-0.17121591627,9.0
0.0500330916483,0.122130318144,0.0115632943956,-0.310488981035,-0.465752796641,0.0447658908568,-0.221508328739,9.0
0.0500330916483,0.0213522978186,-0.347099185979,-0.121840640454,-0.0602311741852,-0.0692840299181,-0.17121591627,9.0
0.174951336606,0.0213522978186,0.0115632943956,-0.187102769087,-0.04671378677,-0.279135884144,-0.192769807328,9.0
0.216590751592,-0.0794257225071,-0.107990865729,-0.227891599483,-0.125565213359,-0.283697880975,-0.128108134153,9.0
0.258230166579,0.22290833847,0.250671614645,-0.0932884591765,-0.0647369699903,-0.0464740457631,0.0586922550183,9.0
0.424787826523,0.424464379121,0.13111745452,0.0882218360856,0.48722301613,-0.00541607428416,-0.156846655564,9.0
0.508066656495,0.525242399447,0.0115632943956,-0.133057568813,-0.150347090287,-0.251763903158,0.188015601368,9.0
0.716263731425,0.877965470587,0.609334095019,0.519563717523,0.419636079054,0.843115336281,0.561616379711,9.0
0.882821391369,0.978743490913,1.32665905577,0.973339455678,0.705754112676,1.36774497185,0.97832494017,9.0
1.21593671126,1.33146656205,1.44621321589,1.28741344973,1.28024307782,1.34493498769,1.27648709981,9.0
1.25757612624,1.23068854173,1.32665905577,1.36593194824,1.1743568764,1.77376268981,1.33755645781,9.0
-0.782755208073,-0.986427905438,-0.227545025854,-0.36759334359,-0.386901370052,-0.160523966538,-0.393939457205,9.0
-0.49127930317,-0.48253780381,-0.825315826477,-0.76834360223,-0.627961445623,-0.197019941186,-0.972302200601,9.0
-0.449639888184,-0.532926813973,-0.466653346103,-0.687785662198,-0.823963563144,-0.621285646469,-0.763947920371,9.0
-0.241442813254,-0.331370773321,0.37022577477,0.300323754145,0.408371589542,0.437097618323,0.0622845701947,9.0
-0.116524568296,-0.280981763159,-0.107990865729,-0.301311494196,-0.0714956636979,-0.35212783344,-0.494524282143,9.0
-0.0748851533098,-0.381759783484,-0.586207506228,-0.436934355263,-0.080507255308,-0.233515915834,-0.666955410609,9.0
0.216590751592,0.0717413079814,0.967996575393,0.686797922147,0.642672971405,1.09858715882,0.518508597594,9.0
0.757903146411,0.676409429936,0.250671614645,0.425749407612,0.525522280473,0.473593592971,0.317338947717,9.0
0.841181976383,0.626020419773,0.250671614645,0.602161099075,0.885985944878,0.464469599309,0.346077469128,9.0
0.924460806355,0.978743490913,0.728888255144,0.886663191087,0.687730929456,1.29019102572,0.834632333115,9.0
1.04937905131,1.18029953156,0.609334095019,0.834657432332,1.29601336314,0.619577491563,0.44306997889,9.0
-0.0748851533098,-0.180203742833,-0.466653346103,-0.537886710493,-0.560374508547,-0.415995789074,-0.429862608968,9.0
0.00839367666226,-0.0794257225071,0.0115632943956,-0.455289328941,-0.445476715518,-0.662343617948,-0.207139068033,9.0
0.0500330916483,0.172519328307,0.37022577477,-0.077992647778,-0.235957210583,-0.0875320172421,0.148500134428,9.0
0.0500330916483,0.172519328307,-0.227545025854,-0.25848322228,-0.278762270731,-0.374937817595,-0.135292764506,9.0
0.0916725066344,0.424464379121,-0.107990865729,-0.205457742765,-0.337337616197,0.0356418971948,0.188015601368,9.0
0.299869581565,0.57563140961,0.13111745452,0.119833179642,-0.112047825943,0.359543672196,0.220346437955,9.0
0.299869581565,0.22290833847,0.13111745452,0.1412473156,0.135770943335,0.473593592971,0.0443229943128,9.0
0.341508996551,0.22290833847,-0.347099185979,-0.355356694471,-0.350855003612,-0.379499814426,-0.207139068033,9.0
0.424787826523,0.57563140961,-0.466653346103,0.458380471929,0.705754112676,0.345857681703,-0.0275233092146,9.0
0.424787826523,0.525242399447,0.250671614645,0.200391119675,-0.118806519651,0.24093175459,0.428700718185,9.0
0.466427241509,0.122130318144,0.0115632943956,-0.2605226638,-0.139082600774,-0.71708757992,-0.0957772975657,9.0
0.508066656495,0.626020419773,0.13111745452,0.260554644509,0.194346288801,0.510089567619,0.188015601368,9.0
0.549706071481,0.424464379121,-0.347099185979,0.063748537848,0.349796244076,-0.265449893651,0.0443229943128,9.0
0.841181976383,0.877965470587,0.37022577477,0.710251499624,0.658443256723,0.888735304591,0.762786029587,9.0
-0.824394623059,-1.0368169156,-0.705761666353,-0.958011663571,-0.839733848461,-0.849385488019,-1.01540998272,9.0
0.258230166579,0.374075368959,-0.227545025854,0.0688471416475,0.284462204902,-0.233515915834,0.00839984254911,9.0
0.341508996551,0.374075368959,0.0115632943956,0.0148019413728,0.210116574119,-0.183333950693,-0.102961927918,9.0
0.674624316439,0.726798440098,0.848442415268,0.692916246706,0.550304157401,0.455345605647,0.841816963468,9.0
0.757903146411,0.474853389284,-0.107990865729,0.469597400288,0.514257790961,0.751875399661,0.252677274542,9.0
-0.949312868017,-0.83526087495,-0.944869986602,-0.965149708891,-0.961390335198,-0.99080738978,-0.961525255072,9.0
0.0500330916483,0.0213522978186,0.13111745452,-0.00661219458508,0.0704369041617,0.213559773604,0.0443229943128,9.0
0.757903146411,0.676409429936,0.13111745452,0.252396878429,0.144782534945,0.131443830646,0.583170270769,9.0
-0.657836963115,-0.381759783484,-0.347099185979,-0.639858786483,-0.495040469374,-0.85394748485,-0.573555216023,9.0
0.383148411537,0.57563140961,0.37022577477,0.285027942746,0.390348406321,0.733627412337,0.11616929784,9.0
-1.57390409281,-1.54070701723,-1.30353246698,-1.3261308579,-1.29932502058,-1.27821319013,-1.32075677271,9.0
0.383148411537,0.323686358796,1.20710489564,0.385980297976,0.394854202126,0.24093175459,0.188015601368,9.0
1.0910184663,0.92835448075,0.967996575393,1.1966583021,0.669707746235,1.21719907642,1.48124906486,18.0
-0.28308222824,-0.230592752996,0.489779934894,-0.352297532191,-0.513063652594,-0.0875320172421,-0.243062219797,9.0
-0.0748851533098,-0.0794257225071,-0.586207506228,-0.511373970735,-0.75862952397,-0.329317849285,-0.494524282143,9.0
-1.9070194127,-1.84304107821,-1.18397830685,-1.40770851869,-1.40295832409,-1.22803122499,-1.35667992447,9.0
-1.94865882768,-1.84304107821,-1.54264078723,-1.38017605817,-1.29932502058,-1.10941930739,-1.39260307624,9.0
0.299869581565,0.323686358796,0.37022577477,0.289106825786,0.325014367148,0.751875399661,0.11616929784,9.0
-0.741115793087,-0.532926813973,-0.347099185979,-0.859098749861,-0.92759686666,-0.972559402456,-0.530447433907,9.0
-0.574558133142,-0.432148793647,-0.107990865729,-0.790777458948,-0.93660845827,-0.584789671821,-0.674140040962,9.0
1.00773963633,0.827576460424,1.20710489564,0.974359176438,0.539039667888,1.60496880706,0.762786029587,18.0
-0.28308222824,-0.230592752996,-0.466653346103,-0.484861230978,-0.398165859565,-0.621285646469,-0.440639554497,9.0
0.716263731425,0.92835448075,0.967996575393,1.24254573629,0.717018602189,1.76007669931,0.687347410884,9.0
1.34085495622,1.02913250108,0.967996575393,1.27619652137,1.22617352816,1.18526509861,0.960363364288,9.0
0.258230166579,0.22290833847,0.0115632943956,-0.151412542491,-0.0309435014523,0.0265179035328,-0.268208426032,9.0
0.508066656495,0.57563140961,0.250671614645,0.308481520224,0.325014367148,0.674321453535,0.0586922550183,9.0
0.716263731425,0.676409429936,0.250671614645,0.638871046431,1.1743568764,0.51465156445,0.0443229943128,9.0
0.757903146411,1.23068854173,0.728888255144,0.594003332996,0.982860554687,0.263741738745,0.338892838775,9.0
0.966100221341,1.18029953156,0.848442415268,1.12833701118,1.29150756733,1.19438909227,0.942401788406,9.0
0.549706071481,0.424464379121,0.489779934894,0.34519146758,0.385842610516,0.304799710224,0.446662294067,9.0
0.841181976383,0.877965470587,0.37022577477,0.400256388615,0.453429547592,0.126881833815,0.726862877824,9.0
0.841181976383,0.877965470587,0.848442415268,0.947846436681,0.996377942103,1.24457105741,0.834632333115,9.0
1.00773963633,0.92835448075,0.250671614645,0.673541552268,0.48722301613,1.41336494016,0.511323967241,9.0
0.882821391369,0.827576460424,0.250671614645,0.747981167741,1.01440112532,0.69713143769,0.439477663714,9.0
0.966100221341,0.827576460424,0.967996575393,1.08346929775,1.32304813797,1.51829086727,0.475400815478,9.0
-0.0748851533098,-0.12981473267,-0.347099185979,-0.506275366936,-0.55361581484,-0.666905614779,-0.350831675088,9.0
0.216590751592,0.273297348633,-0.347099185979,-0.178945003008,-0.0512195825751,-0.201581938017,-0.235877589444,9.0
0.341508996551,0.57563140961,0.250671614645,0.719428986463,0.998630840005,0.373229662689,0.507731652065,9.0
0.632984901453,0.626020419773,-0.227545025854,0.370684486578,0.286715102805,0.350419678534,0.425108403008,9.0
0.716263731425,-0.432148793647,0.37022577477,0.505287626884,0.579591830134,0.624139488394,0.223938753131,9.0
0.924460806355,0.92835448075,0.967996575393,0.943767553641,1.05720618547,0.811181358464,0.942401788406,9.0
1.04937905131,0.877965470587,0.489779934894,0.982516942517,0.980607656785,1.37686896551,0.834632333115,9.0
1.21593671126,1.18029953156,0.967996575393,1.3516558576,1.66098282335,1.48179489262,1.02143272229,9.0
1.25757612624,1.1299105214,0.848442415268,1.3567544614,1.69928208769,1.1396451303,0.942401788406,9.0
1.59069144613,1.58341161287,0.967996575393,1.96042915126,2.18365513674,1.57759682607,2.15301200284,9.0
-0.116524568296,0.0213522978186,0.37022577477,0.925412579963,0.944561290344,1.0073472222,1.01065577676,9.0
0.299869581565,0.122130318144,0.967996575393,1.70447924053,1.87500812409,1.54566284826,1.53513379251,9.0
0.383148411537,0.424464379121,0.250671614645,0.276870176667,0.773341049752,0.0766998686738,-0.214323698386,9.0
0.841181976383,0.726798440098,0.489779934894,0.841795477651,1.34332421909,0.74731340283,0.28500811113,9.0
0.966100221341,0.978743490913,0.848442415268,0.998832474676,1.1675981827,1.10771115248,0.665793519825,9.0
1.04937905131,1.18029953156,1.08755073552,1.05389739571,1.02115981903,0.888735304591,1.06094818923,9.0
-0.574558133142,-0.583315824136,-0.227545025854,-0.726535051074,-0.650490424649,-0.967997405625,-0.638216889198,9.0
0.13331192162,0.0717413079814,-0.107990865729,-0.244207131642,-0.179634763019,-0.0601600362561,-0.386754826852,9.0
0.591345486467,0.474853389284,0.0115632943956,0.173878379917,0.135770943335,0.382353656351,0.231123383484,9.0
0.757903146411,0.877965470587,0.37022577477,0.513445392964,0.723777295896,0.0858238623358,0.583170270769,9.0
0.299869581565,0.323686358796,-0.107990865729,-0.0535193495405,-0.0422079909649,-0.174209957031,0.144907819251,9.0
-0.199803398268,-0.280981763159,-0.347099185979,-0.513413412255,-0.407177451175,-0.493549735201,-0.613070682963,9.0
0.632984901453,0.676409429936,1.56576737602,0.708212058104,0.748559172824,0.97541324438,0.496954706536,9.0
